Handle,Title,Product Count,Parent Collection,Product Types,Product Type Counts
horse-grooming-supplies,"Horse Grooming Gear & Accessories",250,,"Accessories; Veterinary; STABLE: Show Preparation; Coat, Hoof & Grooming; (No Product Type); Fly Control; Horse Grooming Combs, Brushes & Mitts; STABLE: Grooming; STABLE: Leather Care & Proofing; Horse Grooming; Health Care; Shampoo; Storage; STABLE: Hoof Care; Care Products; Luggage; Grooming; Hoof Care; Dog Grooming & Coat Care; Small Animal; STABLE: First Aid & Dressings; STABLE: Supplements; Cat Potions & Lotions; Dog Potions & Lotions; Dog Wormer & Flea; Strapping - Halters; Care","Accessories: 1; Veterinary: 13; STABLE: Show Preparation: 51; Coat, Hoof & Grooming: 4; (No Product Type): 32; Fly Control: 1; Horse Grooming Combs, Brushes & Mitts: 27; STABLE: Grooming: 54; STABLE: Leather Care & Proofing: 7; Horse Grooming: 3; Health Care: 2; Shampoo: 1; Storage: 1; STABLE: Hoof Care: 10; Care Products: 2; Luggage: 1; Grooming: 3; Hoof Care: 2; Dog Grooming & Coat Care: 20; Small Animal: 1; STABLE: First Aid & Dressings: 3; STABLE: Supplements: 1; Cat Potions & Lotions: 1; Dog Potions & Lotions: 1; Dog Wormer & Flea: 3; Strapping - Halters: 2; Care: 3"
horse-health,"Horse Health & Nutrition",250,,"probiotics; Veterinary; Horse Supplements; Accessories; STABLE: Wormers; Fly Control; Pet Supplements; Feed Supplements; (No Product Type); HORSE: Flyveils & Bonnets; STABLE: First Aid & Dressings; STABLE: Horse Treats & Toys; STABLE: Supplements; Health Care; Fly Mask; STABLE: Hoof Care; Care; Supplements; Horse Grooming; Ear Net; fly bonnet; Fly Veil; Horse Boots; Stable Accessories; Dog Treats; HORSE: Horse Boots; STABLE: Farrier; STABLE: Stable Equipment; STABLE: Instruments; Dog Potions & Lotions","probiotics: 1; Veterinary: 57; Horse Supplements: 5; Accessories: 9; STABLE: Wormers: 6; Fly Control: 9; Pet Supplements: 2; Feed Supplements: 23; (No Product Type): 2; HORSE: Flyveils & Bonnets: 13; STABLE: First Aid & Dressings: 18; STABLE: Horse Treats & Toys: 14; STABLE: Supplements: 36; Health Care: 8; Fly Mask: 4; STABLE: Hoof Care: 7; Care: 1; Supplements: 1; Horse Grooming: 1; Ear Net: 4; fly bonnet: 1; Fly Veil: 11; Horse Boots: 2; Stable Accessories: 1; Dog Treats: 1; HORSE: Horse Boots: 2; STABLE: Farrier: 3; STABLE: Stable Equipment: 1; STABLE: Instruments: 2; Dog Potions & Lotions: 5"
saddle-pads,"Saddle Blankets, Pads & Squares",250,,"(No Product Type); Saddle Cloths; Wither relief saddlepad; Western Pads; saddle pad; Saddle Pads & Blankets; Saddles; Saddles - Saddle Accessories; Saddle Pad; Saddle cloths; Saddle Cloth; saddle pads; Saddlepad; HORSE: Saddlecloths; HORSE: Wither & Back Pads; SADDLES: All Purpose Saddles; half pad; Boots; RIDER: Chapettes & Gaiters; Horse Boots; Half Pads; Saddlepads; Shetland Pony","(No Product Type): 24; Saddle Cloths: 110; Wither relief saddlepad: 1; Western Pads: 10; saddle pad: 4; Saddle Pads & Blankets: 2; Saddles: 2; Saddles - Saddle Accessories: 2; Saddle Pad: 19; Saddle cloths: 1; Saddle Cloth: 1; saddle pads: 1; Saddlepad: 4; HORSE: Saddlecloths: 37; HORSE: Wither & Back Pads: 12; SADDLES: All Purpose Saddles: 2; half pad: 1; Boots: 1; RIDER: Chapettes & Gaiters: 1; Horse Boots: 1; Half Pads: 3; Saddlepads: 10; Shetland Pony: 1"
horse-riding-apparel,"Competition, Training & Casual - Horse Riding Clothes",250,,"Breeches; Helmet Brim; Sleepwear; belts; Clothing - Clothing Accessories; Jodhpurs; Clothing; Clothing - Ladies Clothing; top; Riding Apparel & Accessories; RIDER: Gloves; Clothing - Kid's Clothing; Ultimate Tights; Shirt; HORSE: Number Holders; CLOTHING: Hats & Caps; Jewellery; Stirrup Irons; Boots; Active Tights; shirt; breeches; shirts; beanies; Equestrian; Breeches & Riding Tights; CLOTHING: Clothing Childs; CLOTHING: Clothing Ladies; STABLE: Farrier; CLOTHING: Jodhpurs & Breeches Ladies; t-shirt; jumper; Stirrup Irons - Stirrup Accessories; Belt; (No Product Type); Gloves; Clothing - Men's Clothing; Saddle Cloths; Accessories; accessoriess; Outerwear; Active tights; cap; stock; Sweater; socks; Top; jacket; Gift Card","Breeches: 29; Helmet Brim: 1; Sleepwear: 1; belts: 2; Clothing - Clothing Accessories: 11; Jodhpurs: 5; Clothing: 12; Clothing - Ladies Clothing: 79; top: 1; Riding Apparel & Accessories: 1; RIDER: Gloves: 4; Clothing - Kid's Clothing: 8; Ultimate Tights: 2; Shirt: 2; HORSE: Number Holders: 4; CLOTHING: Hats & Caps: 2; Jewellery: 1; Stirrup Irons: 6; Boots: 3; Active Tights: 3; shirt: 4; breeches: 5; shirts: 2; beanies: 1; Equestrian: 2; Breeches & Riding Tights: 3; CLOTHING: Clothing Childs: 1; CLOTHING: Clothing Ladies: 1; STABLE: Farrier: 1; CLOTHING: Jodhpurs & Breeches Ladies: 2; t-shirt: 1; jumper: 1; Stirrup Irons - Stirrup Accessories: 1; Belt: 2; (No Product Type): 10; Gloves: 9; Clothing - Men's Clothing: 9; Saddle Cloths: 1; Accessories: 2; accessoriess: 1; Outerwear: 1; Active tights: 1; cap: 1; stock: 2; Sweater: 2; socks: 1; Top: 1; jacket: 4; Gift Card: 1"
strapping,"Bridles & Strapping - Top Brands For All Disciplines",250,,"Strapping - Reins; Strapping - Breast Plates; HORSE: Stock & Western; Stirrup Irons; HORSE: Stirrup Leathers; HORSE: Reins; HORSE: Racing & PVC; HORSE: Lungeing & Schooling; HORSE: Bridles; Strapping - Girths; Girth Loop Adjustable; Strapping - Halters; Stirrup Irons - Stirrup Accessories; Gloves; Strapping - Strapping Accessories; Strapping - Bridles - Bridle Accessories; Strapping - Bridles; Strapping - Martingales; Accessories; (No Product Type); Racing; Dog Accessories; STABLE: Grooming; HORSE: Stirrup Irons; STABLE: Stable Equipment; HORSE: Girths; HORSE: Nosebands & Browbands; HORSE: Breastplates & Martingales; Dog Collars & Leads; RIDER: Giftware; HORSE: Bits; Bridles; breastplate; Reins; Stirrup Leathers; Girths","Strapping - Reins: 3; Strapping - Breast Plates: 1; HORSE: Stock & Western: 8; Stirrup Irons: 7; HORSE: Stirrup Leathers: 3; HORSE: Reins: 18; HORSE: Racing & PVC: 28; HORSE: Lungeing & Schooling: 3; HORSE: Bridles: 19; Strapping - Girths: 29; Girth Loop Adjustable: 1; Strapping - Halters: 14; Stirrup Irons - Stirrup Accessories: 1; Gloves: 1; Strapping - Strapping Accessories: 1; Strapping - Bridles - Bridle Accessories: 1; Strapping - Bridles: 3; Strapping - Martingales: 1; Accessories: 1; (No Product Type): 1; Racing: 4; Dog Accessories: 1; STABLE: Grooming: 3; HORSE: Stirrup Irons: 28; STABLE: Stable Equipment: 1; HORSE: Girths: 3; HORSE: Nosebands & Browbands: 11; HORSE: Breastplates & Martingales: 15; Dog Collars & Leads: 5; RIDER: Giftware: 1; HORSE: Bits: 1; Bridles: 12; breastplate: 5; Reins: 10; Stirrup Leathers: 1; Girths: 5"
pets,"Pets - Products For Dogs, Cats, & Other Small Animals",250,,"Pet Supplements; Horse Supplements; Dog Collars & Leads; Dog Toys; Dog Wormer & Flea; STABLE: Show Preparation; STABLE: Supplements; Animals & Pet Supplies; Dog Rugs & Fashion; Dog Treats; Cat Gyms & Toys; Dog Accessories; STABLE: First Aid & Dressings; Dog Potions & Lotions; Dog Walking; Dog Bedding; Veterinary; Dog Grooming & Coat Care; Cat Food & Treats; Pet; Fly Control; STABLE: Clippers; Bird Potions & Lotions","Pet Supplements: 2; Horse Supplements: 2; Dog Collars & Leads: 28; Dog Toys: 27; Dog Wormer & Flea: 8; STABLE: Show Preparation: 1; STABLE: Supplements: 4; Animals & Pet Supplies: 1; Dog Rugs & Fashion: 12; Dog Treats: 30; Cat Gyms & Toys: 1; Dog Accessories: 24; STABLE: First Aid & Dressings: 2; Dog Potions & Lotions: 9; Dog Walking: 16; Dog Bedding: 1; Veterinary: 1; Dog Grooming & Coat Care: 20; Cat Food & Treats: 5; Pet: 51; Fly Control: 1; STABLE: Clippers: 3; Bird Potions & Lotions: 1"
trailrace-equestrian-outfitters,"Trailrace Equestrian Outfitters",250,,"Horse Rugs; Clothing - Clothing Accessories; Veterinary; Boots; Saddle Pad; Fly Control; Clothing; Clothing - Ladies Clothing; Strapping - Reins; Strapping - Strapping Accessories; Saddle Cloths; Feed Supplements; Strapping - Halters; Horse Boots; Spurs & Straps; Bits; Clothing - Kid's Clothing; Strapping - Breast Plates; Helmets; Racing; Girth Accessories; Accessories - Luggage; Stirrup Irons; Bits - Bit Accessories; Horse Rugs - Rug Accessories; Gloves; Strapping - Girths; Strapping - Girths - Girth Accessories; Halters; Care; Stirrup Irons - Stirrup Accessories; Spurs & Straps - Spurs Accessories; Saddles; Luggage; Clothing - Men's Clothing; Boots - Boot Accessories; Strapping - Bridles - Bridle Accessories; Strapping - Bridles; Strapping - Martingales; Western Pads; saddle pads; Helmet; Grooming","Horse Rugs: 17; Clothing - Clothing Accessories: 7; Veterinary: 32; Boots: 10; Saddle Pad: 2; Fly Control: 12; Clothing: 5; Clothing - Ladies Clothing: 28; Strapping - Reins: 3; Strapping - Strapping Accessories: 2; Saddle Cloths: 13; Feed Supplements: 7; Strapping - Halters: 4; Horse Boots: 12; Spurs & Straps: 5; Bits: 18; Clothing - Kid's Clothing: 8; Strapping - Breast Plates: 1; Helmets: 12; Racing: 2; Girth Accessories: 1; Accessories - Luggage: 1; Stirrup Irons: 6; Bits - Bit Accessories: 1; Horse Rugs - Rug Accessories: 2; Gloves: 6; Strapping - Girths: 4; Strapping - Girths - Girth Accessories: 1; Halters: 1; Care: 1; Stirrup Irons - Stirrup Accessories: 1; Spurs & Straps - Spurs Accessories: 1; Saddles: 1; Luggage: 3; Clothing - Men's Clothing: 4; Boots - Boot Accessories: 1; Strapping - Bridles - Bridle Accessories: 1; Strapping - Bridles: 3; Strapping - Martingales: 1; Western Pads: 3; saddle pads: 1; Helmet: 5; Grooming: 1"
dapple-eq,"Dapple EQ",250,,"Bag; quarter guard; Fly Mask; Breeches; Horse Boots & Leg Wraps; Travel Boots; Ladies Breeches; riding rug; backpack; stable Bag; Saddle Pads & Blankets; LADIES SHIRT; beanie; grooming; plaiting kit; brush; horse care; Saddle Pad; saddle pad; Shorts; Boots; jumper; Shirt; Belts; HAT; hats; Competition Jacket; UGG Boots; Care Products; Lead Rope; Hats; Wallet; Accessories; Fly Veil; Ankle Boots; Show Shirt; Horse Boots; Fetlock boots; Tendon Boots; breeches; casual footwear; Casual Jacket; t-shirt; Polo Shirt; Sweater; Apparel & Accessories; Shirts & Tops; TShirt; shirt; Boys Show Shirt; Polo Top; Socks; Mens Show Shirt; Halter; Horse Halters; Halter Set; Equestrian Helmets; Knitwear; Cap; Mens Competition Jacket; Trousers; Jeans; jacket; Boys Competition Jacket; Girls Breeches; long sleeve; Mens Breeches; Girls Competition Jacket; ladies jacket; Scarf","Bag: 5; quarter guard: 1; Fly Mask: 6; Breeches: 20; Horse Boots & Leg Wraps: 1; Travel Boots: 1; Ladies Breeches: 10; riding rug: 1; backpack: 1; stable Bag: 1; Saddle Pads & Blankets: 1; LADIES SHIRT: 1; beanie: 2; grooming: 5; plaiting kit: 1; brush: 5; horse care: 5; Saddle Pad: 10; saddle pad: 1; Shorts: 1; Boots: 1; jumper: 2; Shirt: 5; Belts: 13; HAT: 10; hats: 2; Competition Jacket: 9; UGG Boots: 1; Care Products: 11; Lead Rope: 2; Hats: 1; Wallet: 1; Accessories: 6; Fly Veil: 20; Ankle Boots: 3; Show Shirt: 11; Horse Boots: 1; Fetlock boots: 2; Tendon Boots: 3; breeches: 1; casual footwear: 2; Casual Jacket: 2; t-shirt: 3; Polo Shirt: 3; Sweater: 4; Apparel & Accessories: 1; Shirts & Tops: 1; TShirt: 2; shirt: 1; Boys Show Shirt: 2; Polo Top: 1; Socks: 10; Mens Show Shirt: 2; Halter: 4; Horse Halters: 1; Halter Set: 1; Equestrian Helmets: 1; Knitwear: 5; Cap: 2; Mens Competition Jacket: 2; Trousers: 1; Jeans: 4; jacket: 2; Boys Competition Jacket: 2; Girls Breeches: 2; long sleeve: 1; Mens Breeches: 1; Girls Competition Jacket: 1; ladies jacket: 1; Scarf: 1"
ascot-saddlery,"Ascot Saddlery",250,,"HORSE RUG CLEARANCE; Bird Food & Treats; STABLE: Wormers; RUGS: Winter Rugs, Neck Rugs & Hoods; STABLE: Show Preparation; STABLE: Grooming; RIDER: Gloves; RIDER: Body Protectors; HORSE: Flyveils & Bonnets; Cat Gyms & Toys; Dog Rugs & Fashion; HORSE: Number Holders; STABLE: First Aid & Dressings; Dog Accessories; RUGS: Summer Rugs, Neck Rugs & Hoods; Dog Collars & Leads; RIDER: Whips; STABLE: Stable Equipment; HORSE: Stock & Western; Dog Toys; Dog Wormer & Flea; STABLE: Horse Treats & Toys; STABLE: Leather Care & Proofing; STABLE: Supplements; STABLE: Feed Bins & Hay Bags; RIDER: Helmets; HORSE: Headstalls; HORSE: Horse Boots; RIDER: Giftware; RUGS: Rug Accessories; FOOTWEAR: Western & Roper Boots; CLOTHING: Hats & Caps; CLOTHING: Socks; STABLE: Clippers; Dog Kennels Carriers & Pens; HORSE: Lungeing & Schooling; FOOTWEAR CLEARANCE; RIDER: Luggage; SADDLES: All Purpose Saddles; Small Animal; Dog Treats; STABLE: Hoof Care; HORSE: Stirrup Leathers; SADDLES: Saddle Accessories & Gullets; STABLE: Farrier; RIDER: Spurs & Straps; HORSE: Leads & Snap Hooks; HORSE: Saddlecloths; HORSE: Bits; HORSE: Reins; HORSE: Racing & PVC; STABLE: Ice Boots; CLOTHING: Clothing Childs; CLOTHING: Clothing Ladies; CLOTHING: Jodhpurs & Breeches Childs; Dog Potions & Lotions; HORSE: Girths; RIDER: Glasses & Goggles; Dog Walking; Dog Bedding; Bird Cages & Furniture","HORSE RUG CLEARANCE: 1; Bird Food & Treats: 4; STABLE: Wormers: 4; RUGS: Winter Rugs, Neck Rugs & Hoods: 5; STABLE: Show Preparation: 12; STABLE: Grooming: 11; RIDER: Gloves: 4; RIDER: Body Protectors: 1; HORSE: Flyveils & Bonnets: 4; Cat Gyms & Toys: 2; Dog Rugs & Fashion: 3; HORSE: Number Holders: 1; STABLE: First Aid & Dressings: 8; Dog Accessories: 2; RUGS: Summer Rugs, Neck Rugs & Hoods: 5; Dog Collars & Leads: 13; RIDER: Whips: 5; STABLE: Stable Equipment: 6; HORSE: Stock & Western: 5; Dog Toys: 7; Dog Wormer & Flea: 3; STABLE: Horse Treats & Toys: 6; STABLE: Leather Care & Proofing: 11; STABLE: Supplements: 16; STABLE: Feed Bins & Hay Bags: 4; RIDER: Helmets: 2; HORSE: Headstalls: 3; HORSE: Horse Boots: 13; RIDER: Giftware: 10; RUGS: Rug Accessories: 3; FOOTWEAR: Western & Roper Boots: 4; CLOTHING: Hats & Caps: 2; CLOTHING: Socks: 1; STABLE: Clippers: 2; Dog Kennels Carriers & Pens: 1; HORSE: Lungeing & Schooling: 7; FOOTWEAR CLEARANCE: 1; RIDER: Luggage: 1; SADDLES: All Purpose Saddles: 1; Small Animal: 3; Dog Treats: 5; STABLE: Hoof Care: 1; HORSE: Stirrup Leathers: 2; SADDLES: Saddle Accessories & Gullets: 1; STABLE: Farrier: 6; RIDER: Spurs & Straps: 4; HORSE: Leads & Snap Hooks: 2; HORSE: Saddlecloths: 2; HORSE: Bits: 8; HORSE: Reins: 1; HORSE: Racing & PVC: 1; STABLE: Ice Boots: 5; CLOTHING: Clothing Childs: 1; CLOTHING: Clothing Ladies: 1; CLOTHING: Jodhpurs & Breeches Childs: 1; Dog Potions & Lotions: 2; HORSE: Girths: 2; RIDER: Glasses & Goggles: 1; Dog Walking: 4; Dog Bedding: 1; Bird Cages & Furniture: 2"
cavalleria-toscana,"Shop Cavalleria Toscana Equestrian Apparel & Horse Gear",250,,"Clothing - Clothing Accessories; Clothing; Clothing - Kid's Clothing; Clothing - Ladies Clothing; Clothing - Men's Clothing; Gloves; Saddle Cloths; Accessories; Stirrup Irons - Stirrup Accessories; Horse Boots; Whips; Ladies Clothing","Clothing - Clothing Accessories: 41; Clothing: 53; Clothing - Kid's Clothing: 18; Clothing - Ladies Clothing: 103; Clothing - Men's Clothing: 19; Gloves: 3; Saddle Cloths: 1; Accessories: 4; Stirrup Irons - Stirrup Accessories: 1; Horse Boots: 4; Whips: 1; Ladies Clothing: 2"
on-sale,"On Sale - Discount On The Best Brands & Gear",250,,"Horse Rugs; Veterinary; Horse Grooming; Sleepwear; STABLE: Wormers; Clothing - Clothing Accessories; Saddle Pad; Fly Control; Clothing; Clothing - Ladies Clothing; Strapping - Reins; Saddle Cloths; RUGS: Winter Rugs, Neck Rugs & Hoods; STABLE: Show Preparation; Boots; top; STABLE: Grooming; RIDER: Gloves; HORSE: Flyveils & Bonnets; Spurs & Straps; Bits; Clothing - Kid's Clothing; Strapping - Breast Plates; Saddlepads; Socks; Ultimate Tights; Shirt; Breeches; HORSE: Number Holders; STABLE: First Aid & Dressings; RUGS: Summer Rugs, Neck Rugs & Hoods; Horse Boots; Racing; Feed Supplements; Helmets; Accessories - Luggage; RIDER: Whips; STABLE: Stable Equipment; STABLE: Horse Treats & Toys; STABLE: Leather Care & Proofing; STABLE: Supplements; STABLE: Feed Bins & Hay Bags; RIDER: Helmets; HORSE: Headstalls; HORSE: Horse Boots; RIDER: Giftware; RUGS: Rug Accessories; CLOTHING: Hats & Caps; Rug; Stirrup Irons; (No Product Type); Freedom Tights; Girth; FOOTWEAR: Western & Roper Boots; CLOTHING: Socks; Gloves; Equestrian; Tights; Active Tights; beanies; STABLE: Clippers; HORSE: Lungeing & Schooling; Jodhpurs; SADDLES: All Purpose Saddles; HORSE: Stock & Western; Strapping - Girths; STABLE: Hoof Care; HORSE: Stirrup Leathers; SADDLES: Saddle Accessories & Gullets; STABLE: Farrier; RIDER: Spurs & Straps; HORSE: Leads & Snap Hooks; HORSE: Saddlecloths; HORSE: Bits; HORSE: Reins; HORSE: Racing & PVC; STABLE: Ice Boots; CLOTHING: Clothing Childs; CLOTHING: Jodhpurs & Breeches Childs; HORSE: Girths; RIDER: Glasses & Goggles","Horse Rugs: 5; Veterinary: 14; Horse Grooming: 1; Sleepwear: 2; STABLE: Wormers: 3; Clothing - Clothing Accessories: 3; Saddle Pad: 1; Fly Control: 7; Clothing: 2; Clothing - Ladies Clothing: 12; Strapping - Reins: 1; Saddle Cloths: 4; RUGS: Winter Rugs, Neck Rugs & Hoods: 5; STABLE: Show Preparation: 9; Boots: 3; top: 1; STABLE: Grooming: 10; RIDER: Gloves: 4; HORSE: Flyveils & Bonnets: 3; Spurs & Straps: 2; Bits: 4; Clothing - Kid's Clothing: 6; Strapping - Breast Plates: 1; Saddlepads: 1; Socks: 1; Ultimate Tights: 1; Shirt: 1; Breeches: 4; HORSE: Number Holders: 1; STABLE: First Aid & Dressings: 8; RUGS: Summer Rugs, Neck Rugs & Hoods: 5; Horse Boots: 7; Racing: 1; Feed Supplements: 4; Helmets: 1; Accessories - Luggage: 1; RIDER: Whips: 5; STABLE: Stable Equipment: 5; STABLE: Horse Treats & Toys: 6; STABLE: Leather Care & Proofing: 4; STABLE: Supplements: 11; STABLE: Feed Bins & Hay Bags: 4; RIDER: Helmets: 2; HORSE: Headstalls: 3; HORSE: Horse Boots: 8; RIDER: Giftware: 2; RUGS: Rug Accessories: 2; CLOTHING: Hats & Caps: 2; Rug: 1; Stirrup Irons: 1; (No Product Type): 1; Freedom Tights: 1; Girth: 1; FOOTWEAR: Western & Roper Boots: 1; CLOTHING: Socks: 1; Gloves: 1; Equestrian: 2; Tights: 1; Active Tights: 1; beanies: 1; STABLE: Clippers: 1; HORSE: Lungeing & Schooling: 6; Jodhpurs: 1; SADDLES: All Purpose Saddles: 1; HORSE: Stock & Western: 4; Strapping - Girths: 1; STABLE: Hoof Care: 1; HORSE: Stirrup Leathers: 2; SADDLES: Saddle Accessories & Gullets: 1; STABLE: Farrier: 6; RIDER: Spurs & Straps: 4; HORSE: Leads & Snap Hooks: 1; HORSE: Saddlecloths: 1; HORSE: Bits: 6; HORSE: Reins: 1; HORSE: Racing & PVC: 1; STABLE: Ice Boots: 1; CLOTHING: Clothing Childs: 1; CLOTHING: Jodhpurs & Breeches Childs: 1; HORSE: Girths: 2; RIDER: Glasses & Goggles: 1"
globo_basis_collection,"Globo basis collection - Do not delete",250,,"probiotics; Horse Rugs; Breeches; Clothing - Clothing Accessories; Helmet Brim; Veterinary; Horse Grooming; Sleepwear; HORSE RUG CLEARANCE; belts; (No Product Type); Horse Supplements; Boots; Accessories; Bird Food & Treats; STABLE: Wormers; Bicycle Helmet Brim Visor; Saddle Pad; Jodhpurs; Fly Control; Pet Supplements; Clothing; Clothing - Ladies Clothing; Strapping - Reins; Strapping - Strapping Accessories; Saddle Cloths; RUGS: Winter Rugs, Neck Rugs & Hoods; Feed Supplements; STABLE: Show Preparation; Hats & Accessories; Strapping - Halters; General; Coat, Hoof & Grooming; cap; top; Riding Apparel & Accessories; STABLE: Grooming; RIDER: Gloves; Horse Boots; RIDER: Body Protectors; HORSE: Flyveils & Bonnets; Jewellery; Spurs & Straps; DIY Kit; Bits; Clothing - Kid's Clothing; Strapping - Breast Plates; Helmets; Saddlepads; Socks; Bag; Ultimate Tights; Shirt; Cat Gyms & Toys; Belts & Bracelets; Apparel - Ladies; Dog Rugs & Fashion; Bell Boots; HORSE: Number Holders; STABLE: First Aid & Dressings; Dog Accessories; RUGS: Summer Rugs, Neck Rugs & Hoods; Dog Collars & Leads; Racing; Girth Accessories; Accessories - Luggage; RIDER: Whips; STABLE: Stable Equipment; HORSE: Stock & Western; Dog Toys; Dog Wormer & Flea; STABLE: Horse Treats & Toys; STABLE: Leather Care & Proofing; STABLE: Supplements; STABLE: Feed Bins & Hay Bags; RIDER: Helmets; HORSE: Headstalls; HORSE: Horse Boots; RIDER: Giftware; RUGS: Rug Accessories; FOOTWEAR: Western & Roper Boots; CLOTHING: Hats & Caps; Health Care; Horse Boots & Bandages; Rug; Stirrup Irons; Bits - Bit Accessories; Horse Rugs - Rug Accessories; quarter guard; Martingale Attachment; Handbag; Freedom Tights; Girth; Saddle Gullet; Default; Dogs; Hat; CLOTHING: Socks; Tights; Gloves; Equestrian; Animals & Pet Supplies; Necklace; Coat Care; Active Tights; shirt; breeches; shirts; beanies; Horse Grooming Combs, Brushes & Mitts; STABLE: Clippers; Dog Kennels Carriers & Pens; Lead Rope; Breeches & Riding Tights; HORSE: Lungeing & Schooling","probiotics: 1; Horse Rugs: 7; Breeches: 7; Clothing - Clothing Accessories: 3; Helmet Brim: 1; Veterinary: 15; Horse Grooming: 1; Sleepwear: 2; HORSE RUG CLEARANCE: 1; belts: 2; (No Product Type): 12; Horse Supplements: 4; Boots: 5; Accessories: 1; Bird Food & Treats: 1; STABLE: Wormers: 2; Bicycle Helmet Brim Visor: 1; Saddle Pad: 1; Jodhpurs: 2; Fly Control: 6; Pet Supplements: 2; Clothing: 1; Clothing - Ladies Clothing: 9; Strapping - Reins: 1; Strapping - Strapping Accessories: 1; Saddle Cloths: 4; RUGS: Winter Rugs, Neck Rugs & Hoods: 5; Feed Supplements: 4; STABLE: Show Preparation: 4; Hats & Accessories: 1; Strapping - Halters: 1; General: 1; Coat, Hoof & Grooming: 3; cap: 1; top: 1; Riding Apparel & Accessories: 1; STABLE: Grooming: 3; RIDER: Gloves: 1; Horse Boots: 4; RIDER: Body Protectors: 1; HORSE: Flyveils & Bonnets: 1; Jewellery: 3; Spurs & Straps: 4; DIY Kit: 3; Bits: 5; Clothing - Kid's Clothing: 7; Strapping - Breast Plates: 1; Helmets: 6; Saddlepads: 1; Socks: 1; Bag: 3; Ultimate Tights: 1; Shirt: 1; Cat Gyms & Toys: 1; Belts & Bracelets: 1; Apparel - Ladies: 3; Dog Rugs & Fashion: 1; Bell Boots: 1; HORSE: Number Holders: 2; STABLE: First Aid & Dressings: 4; Dog Accessories: 1; RUGS: Summer Rugs, Neck Rugs & Hoods: 3; Dog Collars & Leads: 1; Racing: 1; Girth Accessories: 1; Accessories - Luggage: 1; RIDER: Whips: 2; STABLE: Stable Equipment: 1; HORSE: Stock & Western: 1; Dog Toys: 2; Dog Wormer & Flea: 1; STABLE: Horse Treats & Toys: 2; STABLE: Leather Care & Proofing: 3; STABLE: Supplements: 2; STABLE: Feed Bins & Hay Bags: 1; RIDER: Helmets: 1; HORSE: Headstalls: 2; HORSE: Horse Boots: 3; RIDER: Giftware: 1; RUGS: Rug Accessories: 1; FOOTWEAR: Western & Roper Boots: 2; CLOTHING: Hats & Caps: 1; Health Care: 1; Horse Boots & Bandages: 3; Rug: 1; Stirrup Irons: 1; Bits - Bit Accessories: 1; Horse Rugs - Rug Accessories: 1; quarter guard: 1; Martingale Attachment: 1; Handbag: 1; Freedom Tights: 1; Girth: 1; Saddle Gullet: 2; Default: 1; Dogs: 1; Hat: 1; CLOTHING: Socks: 1; Tights: 2; Gloves: 1; Equestrian: 2; Animals & Pet Supplies: 1; Necklace: 1; Coat Care: 1; Active Tights: 1; shirt: 1; breeches: 1; shirts: 2; beanies: 1; Horse Grooming Combs, Brushes & Mitts: 1; STABLE: Clippers: 1; Dog Kennels Carriers & Pens: 1; Lead Rope: 1; Breeches & Riding Tights: 3; HORSE: Lungeing & Schooling: 2"
tacklet,"Tacklet",250,,"Saddlepads; Socks; Leads; Leather Care; Helmets; Coat Care; Stable Accessories; Hanoverian Bridle; Bits; Bitless Bridle; Hair Accessories; Number Holders; Hoof Care; Medical Supplies; Nosebandless Bridle; Bell Boots; Breastplates; Grooming; Fly Masks; Grackle Bridle; Whips and Crops; Lunge Line; Halter; Bandages; Riding Boots; Browbands; Ear Bonnets; Rug; Jackets; Anatomic Bridle; Breeches; Double Bridle; Stirrups; Noseband; Studs; Dog Collars & Leads; Tendon Boots; Magnetic Boots; Float Boots; Cold Water/Ice Boots; Saddle; Fly Boots; Half Pads; Reins; Other Care Products; Martingales; Girths; Jumping Boots; Back Protectors; Half Chaps; Tail Protector; Plaiting; Spurs; Belts; Rider Accessories; Fly Repellant; Dog Supplements; Shirts; Lunge Roller; Bridle Strapping","Saddlepads: 16; Socks: 2; Leads: 11; Leather Care: 1; Helmets: 7; Coat Care: 8; Stable Accessories: 7; Hanoverian Bridle: 4; Bits: 5; Bitless Bridle: 5; Hair Accessories: 8; Number Holders: 2; Hoof Care: 5; Medical Supplies: 4; Nosebandless Bridle: 1; Bell Boots: 6; Breastplates: 9; Grooming: 15; Fly Masks: 1; Grackle Bridle: 2; Whips and Crops: 6; Lunge Line: 2; Halter: 15; Bandages: 3; Riding Boots: 6; Browbands: 10; Ear Bonnets: 3; Rug: 13; Jackets: 2; Anatomic Bridle: 2; Breeches: 3; Double Bridle: 2; Stirrups: 1; Noseband: 4; Studs: 2; Dog Collars & Leads: 1; Tendon Boots: 3; Magnetic Boots: 2; Float Boots: 1; Cold Water/Ice Boots: 2; Saddle: 4; Fly Boots: 1; Half Pads: 2; Reins: 3; Other Care Products: 1; Martingales: 1; Girths: 10; Jumping Boots: 1; Back Protectors: 3; Half Chaps: 2; Tail Protector: 2; Plaiting: 4; Spurs: 1; Belts: 4; Rider Accessories: 3; Fly Repellant: 1; Dog Supplements: 1; Shirts: 2; Lunge Roller: 1; Bridle Strapping: 1"
shire-saddleworld,"Shire Saddleworld",250,,"General; (No Product Type); Martingale Attachment; Girth; Saddle Gullet; Default; Dogs; Hat; Grooming Bags and Brushes; Mens Footwear; Gloves; Mens Jeans; Dressage Pads","General: 1; (No Product Type): 236; Martingale Attachment: 1; Girth: 1; Saddle Gullet: 2; Default: 1; Dogs: 1; Hat: 1; Grooming Bags and Brushes: 1; Mens Footwear: 1; Gloves: 1; Mens Jeans: 2; Dressage Pads: 1"
samshield,"Shop Samshield Helmets & Equestrian Products",245,,"Clothing - Ladies Clothing; Helmets; Clothing - Clothing Accessories; Gloves; Helmet; Clothing; Clothing - Men's Clothing; Stirrup Irons; Ladies Clothing; Clothing Accessories","Clothing - Ladies Clothing: 122; Helmets: 44; Clothing - Clothing Accessories: 21; Gloves: 3; Helmet: 15; Clothing: 16; Clothing - Men's Clothing: 20; Stirrup Irons: 1; Ladies Clothing: 2; Clothing Accessories: 1"
top-brands,"Top Brands",223,,"Hats & Accessories; Coat, Hoof & Grooming; Jewellery; Belts & Bracelets; Apparel - Ladies; Health Care; Horse Boots & Bandages; Breeches & Riding Tights; The Trail of Painted Ponies; Books & Magazines; Gloves; Footwear & Chaps; Socks; Books","Hats & Accessories: 12; Coat, Hoof & Grooming: 6; Jewellery: 88; Belts & Bracelets: 12; Apparel - Ladies: 16; Health Care: 12; Horse Boots & Bandages: 23; Breeches & Riding Tights: 18; The Trail of Painted Ponies: 22; Books & Magazines: 4; Gloves: 6; Footwear & Chaps: 2; Socks: 1; Books: 1"
little-equine-co,"Little Equine Co",211,,"Bell Boots; Lead Rope; Riding Boots; Halter; t-shirt; jumper; (No Product Type); Casual Jacket; Competition Jacket; Ladies Shirt; Tall Boots; Belt; T-Shirt; Polo Shirt; Vest; Saddle Pad; Socks; Cap; Head Band; Beanie; beanie; Horse Rug; Jumper; Ladies Top; breeches; Ear Net; breastplate; Kids Jacket; Men's; Belts; Hats; Bridles; Reins; Horse Grooming; Therapy Boots; Fly Mask; Breeches; Gift Card; Tack Cleaning; Wrap Bag; Rug Rack; Stable Accessories; Half Chaps; long socks; Riding Pants; Bandages; Bandage Pads; Fly Bonnet; Exercise Boots; Saddle Pads & Blankets; Fly Hood; Riding Jacket; Shirt","Bell Boots: 1; Lead Rope: 2; Riding Boots: 9; Halter: 3; t-shirt: 4; jumper: 3; (No Product Type): 1; Casual Jacket: 10; Competition Jacket: 7; Ladies Shirt: 8; Tall Boots: 8; Belt: 7; T-Shirt: 2; Polo Shirt: 1; Vest: 3; Saddle Pad: 16; Socks: 6; Cap: 3; Head Band: 1; Beanie: 2; beanie: 3; Horse Rug: 13; Jumper: 1; Ladies Top: 2; breeches: 1; Ear Net: 11; breastplate: 6; Kids Jacket: 1; Men's: 2; Belts: 4; Hats: 2; Bridles: 11; Reins: 10; Horse Grooming: 4; Therapy Boots: 3; Fly Mask: 1; Breeches: 13; Gift Card: 1; Tack Cleaning: 1; Wrap Bag: 1; Rug Rack: 1; Stable Accessories: 1; Half Chaps: 1; long socks: 7; Riding Pants: 1; Bandages: 2; Bandage Pads: 1; Fly Bonnet: 1; Exercise Boots: 2; Saddle Pads & Blankets: 2; Fly Hood: 1; Riding Jacket: 2; Shirt: 1"
horse-bits,"Shop & Buy Horse Bits - Quality Brands - All Types",208,,"Bits; Bits - Bit Accessories; HORSE: Bits; HORSE: Reins; Reins; Spurs & Straps; Strapping - Bridles - Bridle Accessories","Bits: 124; Bits - Bit Accessories: 3; HORSE: Bits: 77; HORSE: Reins: 1; Reins: 1; Spurs & Straps: 1; Strapping - Bridles - Bridle Accessories: 1"
ariat,"Shop & Buy Ariat Clothing & Footwear",202,,"Clothing - Ladies Clothing; Accessories - Luggage; CLOTHING: Hats & Caps; Clothing - Kid's Clothing; Boots; FOOTWEAR: Western & Roper Boots; FOOTWEAR CLEARANCE; RIDER: Spurs & Straps; FOOTWEAR: Casual Footwear; Clothing - Clothing Accessories; Boots - Boot Accessories; CLOTHING: Clothing Mens; CLOTHING: Clothing Ladies; Womens; Womens Footwear; Caps; Kids; Mens Footwear; Accessories; Womens Jeans; Mens; Wallets & Handbags; Mens Jeans; Gear Bag; RIDER: Luggage; FOOTWEAR: Equestrian Footwear; CLOTHING: Socks; CLOTHING: Jeans; RIDER: Chapettes & Gaiters; RIDER: Hats & Caps; Ladies Clothing; Clothing","Clothing - Ladies Clothing: 15; Accessories - Luggage: 1; CLOTHING: Hats & Caps: 3; Clothing - Kid's Clothing: 3; Boots: 16; FOOTWEAR: Western & Roper Boots: 7; FOOTWEAR CLEARANCE: 1; RIDER: Spurs & Straps: 37; FOOTWEAR: Casual Footwear: 4; Clothing - Clothing Accessories: 4; Boots - Boot Accessories: 1; CLOTHING: Clothing Mens: 1; CLOTHING: Clothing Ladies: 3; Womens: 20; Womens Footwear: 9; Caps: 2; Kids: 12; Mens Footwear: 12; Accessories: 2; Womens Jeans: 1; Mens: 6; Wallets & Handbags: 1; Mens Jeans: 1; Gear Bag: 1; RIDER: Luggage: 24; FOOTWEAR: Equestrian Footwear: 9; CLOTHING: Socks: 1; CLOTHING: Jeans: 1; RIDER: Chapettes & Gaiters: 1; RIDER: Hats & Caps: 1; Ladies Clothing: 1; Clothing: 1"
footwear,"Horse Riding Boots & Footwear, Trainers, Workers",194,,"Boots; Spurs & Straps; FOOTWEAR: Western & Roper Boots; FOOTWEAR CLEARANCE; RIDER: Spurs & Straps; FOOTWEAR: Casual Footwear; Riding Boots; Spurs & Straps - Spurs Accessories; Clothing - Ladies Clothing; Boots - Boot Accessories; (No Product Type); Leather Care; Saddles - Saddle Accessories; RIDER: Luggage; FOOTWEAR: Equestrian Footwear; CLOTHING: Socks; CLOTHING: Jeans; RIDER: Chapettes & Gaiters; Tall Boots; Spurs; Key Chain Clip; Clothing - Clothing Accessories","Boots: 53; Spurs & Straps: 44; FOOTWEAR: Western & Roper Boots: 13; FOOTWEAR CLEARANCE: 1; RIDER: Spurs & Straps: 25; FOOTWEAR: Casual Footwear: 8; Riding Boots: 9; Spurs & Straps - Spurs Accessories: 1; Clothing - Ladies Clothing: 1; Boots - Boot Accessories: 2; (No Product Type): 6; Leather Care: 1; Saddles - Saddle Accessories: 1; RIDER: Luggage: 1; FOOTWEAR: Equestrian Footwear: 10; CLOTHING: Socks: 1; CLOTHING: Jeans: 1; RIDER: Chapettes & Gaiters: 1; Tall Boots: 4; Spurs: 9; Key Chain Clip: 1; Clothing - Clothing Accessories: 1"
breeches,"Horse Riding Breeches - Quality International & National Brands",187,,"Breeches; Jodhpurs; Clothing - Kid's Clothing; Clothing - Ladies Clothing; breeches; Breeches & Riding Tights; Clothing - Men's Clothing; Ladies Breeches; CLOTHING: Jodhpurs & Breeches Ladies; Riding Pants; (No Product Type); Jeans; Girls Breeches; Mens Breeches; Ladies Clothing; Clothing","Breeches: 52; Jodhpurs: 9; Clothing - Kid's Clothing: 9; Clothing - Ladies Clothing: 63; breeches: 3; Breeches & Riding Tights: 9; Clothing - Men's Clothing: 11; Ladies Breeches: 11; CLOTHING: Jodhpurs & Breeches Ladies: 1; Riding Pants: 2; (No Product Type): 1; Jeans: 2; Girls Breeches: 3; Mens Breeches: 1; Ladies Clothing: 1; Clothing: 9"
horse-boots,"Horse Boots - All Types",183,,"HORSE: Horse Boots; Horse Boots & Bandages; Therapy Boots; Exercise Boots; Horse Boots; (No Product Type); Accessories; Boots; Hoof Care; Socks; Overreach Boots; Horse Boots & Leg Wraps; Tendon Boots; ICE BOOTS; Travel Boots; Fetlock boots; Clothing - Men's Clothing; Clothing - Kid's Clothing; Clothing - Ladies Clothing; STABLE: Ice Boots; HORSE: Flyveils & Bonnets; Bell Boots; Horse Rugs","HORSE: Horse Boots: 51; Horse Boots & Bandages: 4; Therapy Boots: 4; Exercise Boots: 2; Horse Boots: 86; (No Product Type): 3; Accessories: 1; Boots: 1; Hoof Care: 1; Socks: 1; Overreach Boots: 3; Horse Boots & Leg Wraps: 1; Tendon Boots: 2; ICE BOOTS: 1; Travel Boots: 1; Fetlock boots: 1; Clothing - Men's Clothing: 1; Clothing - Kid's Clothing: 1; Clothing - Ladies Clothing: 1; STABLE: Ice Boots: 9; HORSE: Flyveils & Bonnets: 1; Bell Boots: 6; Horse Rugs: 1"
zilco,"Shop Zilco Rugs, Horse Boots & Accessories",180,,"Horse Rugs; Racing; SADDLES: All Purpose Saddles; Horse Boots; RUGS: Rug Accessories; HORSE: Stock & Western; STABLE: Ice Boots; HORSE: Girths; Default; Rain Rugs; Bits; Stirrup Irons; Grooming Products; Saddle Accessories; Chaps; Stable; Helmets; Winter Rugs; Gloves; Lead Ropes; Stock & Western Pads; Accessories; Ear Bonnet; Gear Bag; Mesh Rug; RUGS: Winter Rugs, Neck Rugs & Hoods; HORSE: Saddlecloths; HORSE: Racing & PVC; RUGS: Summer Rugs, Neck Rugs & Hoods; HORSE: Headstalls; HORSE: Leads & Snap Hooks; HORSE: Bits; HORSE: Lungeing & Schooling; HORSE: Stirrup Leathers; RIDER: Spurs & Straps; SADDLES: Saddle Accessories & Gullets; HORSE: Bridles; HORSE: Horse Boots; HORSE: Wither & Back Pads; RIDER: Luggage; RIDER: Glasses & Goggles; HORSE: Breastplates & Martingales; Strapping - Girths; Gifts; Strapping - Halters; Strapping; Strapping - Martingales; Saddle Cloths; Rugs","Horse Rugs: 12; Racing: 8; SADDLES: All Purpose Saddles: 1; Horse Boots: 7; RUGS: Rug Accessories: 5; HORSE: Stock & Western: 6; STABLE: Ice Boots: 2; HORSE: Girths: 1; Default: 1; Rain Rugs: 1; Bits: 4; Stirrup Irons: 2; Grooming Products: 4; Saddle Accessories: 1; Chaps: 1; Stable: 1; Helmets: 5; Winter Rugs: 1; Gloves: 1; Lead Ropes: 1; Stock & Western Pads: 2; Accessories: 1; Ear Bonnet: 1; Gear Bag: 1; Mesh Rug: 1; RUGS: Winter Rugs, Neck Rugs & Hoods: 7; HORSE: Saddlecloths: 16; HORSE: Racing & PVC: 21; RUGS: Summer Rugs, Neck Rugs & Hoods: 6; HORSE: Headstalls: 9; HORSE: Leads & Snap Hooks: 10; HORSE: Bits: 4; HORSE: Lungeing & Schooling: 2; HORSE: Stirrup Leathers: 1; RIDER: Spurs & Straps: 3; SADDLES: Saddle Accessories & Gullets: 1; HORSE: Bridles: 1; HORSE: Horse Boots: 1; HORSE: Wither & Back Pads: 1; RIDER: Luggage: 1; RIDER: Glasses & Goggles: 13; HORSE: Breastplates & Martingales: 1; Strapping - Girths: 1; Gifts: 1; Strapping - Halters: 3; Strapping: 1; Strapping - Martingales: 1; Saddle Cloths: 1; Rugs: 3"
kentucky,"Shop Kentucky Horsewear - Boots, Pads, Bonnets, Girths, Bandages & More",165,,"Strapping - Strapping Accessories; Horse Rugs; Horse Rugs - Rug Accessories; Horse Boots; Strapping - Girths; Clothing - Clothing Accessories; Saddle Cloths; Saddle Pad; saddle pad; Stable Accessories; Accessories; Saddles - Saddle Accessories; Strapping - Halters; Fly Control; Accessories - Luggage; Fly Mask; Fly Veil; Halter; Horse Halters; Halter Set; Socks; Therapy Boots; Overreach Boots; Tendon Boots; ICE BOOTS; Clothing Accessories; Strapping - Bridles - Bridle Accessories; Rug","Strapping - Strapping Accessories: 3; Horse Rugs: 12; Horse Rugs - Rug Accessories: 6; Horse Boots: 63; Strapping - Girths: 4; Clothing - Clothing Accessories: 3; Saddle Cloths: 30; Saddle Pad: 1; saddle pad: 1; Stable Accessories: 1; Accessories: 12; Saddles - Saddle Accessories: 2; Strapping - Halters: 6; Fly Control: 2; Accessories - Luggage: 1; Fly Mask: 1; Fly Veil: 1; Halter: 4; Horse Halters: 1; Halter Set: 1; Socks: 1; Therapy Boots: 1; Overreach Boots: 2; Tendon Boots: 2; ICE BOOTS: 1; Clothing Accessories: 1; Strapping - Bridles - Bridle Accessories: 1; Rug: 1"
horse-rugs,"Horse Rugs - All Types",160,,"Horse Rugs; RUGS: Winter Rugs, Neck Rugs & Hoods; RUGS: Summer Rugs, Neck Rugs & Hoods; RUGS: Rug Accessories; Rug; Horse Rugs - Rug Accessories; Hood; Tailbag; Sale; HORSE RUG CLEARANCE; Fly Mask; Veterinary; Horse Rug; Therapy Boots; Rug Rack; (No Product Type); Rugs; Horse Boots","Horse Rugs: 49; RUGS: Winter Rugs, Neck Rugs & Hoods: 18; RUGS: Summer Rugs, Neck Rugs & Hoods: 33; RUGS: Rug Accessories: 11; Rug: 5; Horse Rugs - Rug Accessories: 6; Hood: 4; Tailbag: 3; Sale: 1; HORSE RUG CLEARANCE: 3; Fly Mask: 1; Veterinary: 1; Horse Rug: 11; Therapy Boots: 1; Rug Rack: 1; (No Product Type): 6; Rugs: 5; Horse Boots: 1"
eurohunter,"Shop Eurohunter Equestrian Gear & Accessories",149,,"RUGS: Winter Rugs, Neck Rugs & Hoods; RUGS: Summer Rugs, Neck Rugs & Hoods; RUGS: Rug Accessories; Girth; HORSE: Headstalls; HORSE: Lungeing & Schooling; HORSE: Saddlecloths; HORSE: Horse Boots; English Reins; Rug Accessories; Chaps; Stock & Western Reins; Grooming Bags and Brushes; Gloves; Horse Boots; Cotton Rugs; Womens Footwear; Winter Rugs; Stirrup Irons; Default; Travel; Dogs; Mesh Rug; Lead Ropes; Footwear Accessories; Halter; Bridle; Helmets; Flag Rug; Rope; SADDLES: Saddle Accessories & Gullets; FOOTWEAR: Equestrian Footwear; STABLE: First Aid & Dressings; HORSE: Leads & Snap Hooks; Veterinary; STABLE: Feed Bins & Hay Bags; RIDER: Helmets; HORSE: Stock & Western; HORSE: Girths; RIDER: Chapettes & Gaiters; HORSE: Bridles; Strapping - Girths; (No Product Type)","RUGS: Winter Rugs, Neck Rugs & Hoods: 8; RUGS: Summer Rugs, Neck Rugs & Hoods: 18; RUGS: Rug Accessories: 5; Girth: 4; HORSE: Headstalls: 2; HORSE: Lungeing & Schooling: 13; HORSE: Saddlecloths: 15; HORSE: Horse Boots: 10; English Reins: 2; Rug Accessories: 2; Chaps: 2; Stock & Western Reins: 1; Grooming Bags and Brushes: 3; Gloves: 1; Horse Boots: 3; Cotton Rugs: 3; Womens Footwear: 1; Winter Rugs: 2; Stirrup Irons: 1; Default: 1; Travel: 1; Dogs: 1; Mesh Rug: 1; Lead Ropes: 2; Footwear Accessories: 1; Halter: 2; Bridle: 1; Helmets: 1; Flag Rug: 1; Rope: 1; SADDLES: Saddle Accessories & Gullets: 1; FOOTWEAR: Equestrian Footwear: 6; STABLE: First Aid & Dressings: 5; HORSE: Leads & Snap Hooks: 4; Veterinary: 4; STABLE: Feed Bins & Hay Bags: 1; RIDER: Helmets: 3; HORSE: Stock & Western: 2; HORSE: Girths: 1; RIDER: Chapettes & Gaiters: 4; HORSE: Bridles: 6; Strapping - Girths: 2; (No Product Type): 1"
horse-jewellery,"Horse Jewellery - Equine & Equestrian Themed",141,,"Riding Apparel & Accessories; Jewellery; DIY Kit; Pendants; Bracelet; Pearl Necklace; Rings; Fob; Charm Bead; Locket; Key Chain Clip; Custom Orders; bead; Book; Earrings; Hatband; Gift Set; Necklace; Gift Certificates; tie; keyring; Bookmarks","Riding Apparel & Accessories: 5; Jewellery: 59; DIY Kit: 29; Pendants: 4; Bracelet: 14; Pearl Necklace: 5; Rings: 2; Fob: 1; Charm Bead: 2; Locket: 1; Key Chain Clip: 5; Custom Orders: 1; bead: 1; Book: 1; Earrings: 2; Hatband: 1; Gift Set: 3; Necklace: 1; Gift Certificates: 1; tie: 1; keyring: 1; Bookmarks: 1"
horse-riding-helmets,"Buy Horse Riding Helmets For Equestrians",132,,"Helmet; Helmets; Bicycle Helmet Brim Visor; Hats & Accessories; RIDER: Helmets; helmet; Helmet Brim","Helmet: 30; Helmets: 81; Bicycle Helmet Brim Visor: 1; Hats & Accessories: 1; RIDER: Helmets: 16; helmet: 2; Helmet Brim: 1"
birds,"Shop Birds - Feed, Treats, Accessories, Supplies",124,,"Bird Food & Treats; STABLE: Show Preparation; Small Animal; Feed Supplements; Bird Cages & Furniture; Dog Toys; Belts & Bracelets; Dog Kennels Carriers & Pens; Cat Gyms & Toys; Poultry; Bird Potions & Lotions; Bird Assorted; STABLE: First Aid & Dressings; STABLE: Supplements; Dog Potions & Lotions; Dog Accessories; Bird Toys","Bird Food & Treats: 16; STABLE: Show Preparation: 2; Small Animal: 5; Feed Supplements: 1; Bird Cages & Furniture: 28; Dog Toys: 2; Belts & Bracelets: 1; Dog Kennels Carriers & Pens: 1; Cat Gyms & Toys: 7; Poultry: 6; Bird Potions & Lotions: 4; Bird Assorted: 3; STABLE: First Aid & Dressings: 2; STABLE: Supplements: 2; Dog Potions & Lotions: 2; Dog Accessories: 5; Bird Toys: 37"
vivarchie-equestrian,"Vivarchie Equestrian",118,,"(No Product Type); Accessories; Boots","(No Product Type): 116; Accessories: 1; Boots: 1"
horse-halters,"Shop Horse Halters",113,,"(No Product Type); Strapping - Halters; HORSE: Number Holders; HORSE: Headstalls; Jewellery; Halter; Halters; Lead Rope; lead rope; halter; Racing; HORSE: Racing & PVC; HORSE: Leads & Snap Hooks; HORSE: Flyveils & Bonnets; Horse Halters; Halter Set; Strapping - Strapping Accessories; Strapping - Bridles - Bridle Accessories; Feed Supplements; Horse Rugs","(No Product Type): 4; Strapping - Halters: 27; HORSE: Number Holders: 1; HORSE: Headstalls: 56; Jewellery: 3; Halter: 7; Halters: 1; Lead Rope: 1; lead rope: 1; halter: 1; Racing: 1; HORSE: Racing & PVC: 1; HORSE: Leads & Snap Hooks: 1; HORSE: Flyveils & Bonnets: 1; Horse Halters: 1; Halter Set: 1; Strapping - Strapping Accessories: 1; Strapping - Bridles - Bridle Accessories: 1; Feed Supplements: 2; Horse Rugs: 1"
living-horse-tales-jewellery-by-monika,"Living Horse Tales Jewellery By Monika",103,,"DIY Kit; Necklace; Cuff; Fob; Other; Pendants; Locket; Hatband; Earrings; Key Chain Clip; Bracelet; Key chain ring; Charm Bead; Custom Orders; bead; Book; Gift Set; Gift Certificates; tie; keyring; Bookmarks","DIY Kit: 32; Necklace: 15; Cuff: 1; Fob: 3; Other: 2; Pendants: 2; Locket: 2; Hatband: 2; Earrings: 8; Key Chain Clip: 7; Bracelet: 16; Key chain ring: 1; Charm Bead: 2; Custom Orders: 1; bead: 1; Book: 1; Gift Set: 3; Gift Certificates: 1; tie: 1; keyring: 1; Bookmarks: 1"
stirrups,"Shop Horse Riding Stirrups & Leathers",96,,"HORSE: Stock & Western; Stirrup Irons; (No Product Type); HORSE: Stirrup Leathers; Stirrup Irons - Stirrup Accessories; Synthetic Stirrup Straps; HORSE: Stirrup Irons; Saddles - Saddle Accessories; HORSE: Racing & PVC; Stirrup Leathers; Strapping - Stirrup Leathers; Strapping","HORSE: Stock & Western: 5; Stirrup Irons: 22; (No Product Type): 1; HORSE: Stirrup Leathers: 24; Stirrup Irons - Stirrup Accessories: 4; Synthetic Stirrup Straps: 1; HORSE: Stirrup Irons: 30; Saddles - Saddle Accessories: 1; HORSE: Racing & PVC: 5; Stirrup Leathers: 1; Strapping - Stirrup Leathers: 1; Strapping: 1"
horse-bandages,"Leg Wraps & Bandages For Your Horse Or Pony",78,,"Horse Boots & Bandages; Veterinary; Horse Boots; Stable Accessories; STABLE: First Aid & Dressings; RUGS: Rug Accessories; STABLE: Leather Care & Proofing; HORSE: Horse Boots; HORSE: Bits; Bandage Pads; Ear Net","Horse Boots & Bandages: 3; Veterinary: 11; Horse Boots: 40; Stable Accessories: 1; STABLE: First Aid & Dressings: 15; RUGS: Rug Accessories: 1; STABLE: Leather Care & Proofing: 1; HORSE: Horse Boots: 3; HORSE: Bits: 1; Bandage Pads: 1; Ear Net: 1"
equipe,"Shop Equipe",69,,"Strapping - Breast Plates; Saddles; Strapping - Bridles; Strapping - Reins; Saddles - Saddle Accessories; saddles; Grooming; Clothing; Clothing - Clothing Accessories; Strapping; Strapping - Bridles - Bridle Accessories; Bridle Accessories; Strapping - Martingales; Bridles; Saddle Cloths","Strapping - Breast Plates: 6; Saddles: 15; Strapping - Bridles: 10; Strapping - Reins: 7; Saddles - Saddle Accessories: 1; saddles: 2; Grooming: 1; Clothing: 1; Clothing - Clothing Accessories: 1; Strapping: 8; Strapping - Bridles - Bridle Accessories: 3; Bridle Accessories: 2; Strapping - Martingales: 3; Bridles: 2; Saddle Cloths: 7"
ippico-equestrian,"Ippico Equestrian",69,,"Sleepwear; Riding Apparel & Accessories; Equestrian; Coat Care; Horse Grooming Combs, Brushes & Mitts; Hair Accessory; Bell Boots; Storage","Sleepwear: 2; Riding Apparel & Accessories: 11; Equestrian: 6; Coat Care: 1; Horse Grooming Combs, Brushes & Mitts: 33; Hair Accessory: 9; Bell Boots: 6; Storage: 1"
accessories,"Accessories",69,,"Clothing - Clothing Accessories; Clothing; Horse Rugs; HORSE: Stock & Western; Gloves; (No Product Type); HORSE: Girths; Small Animal; Dog Walking; Horse Boots; Clothing Accessories; Clothing - Ladies Clothing; Ladies Clothing; Clothing - Kid's Clothing; Boots; Strapping; Saddle Cloths","Clothing - Clothing Accessories: 11; Clothing: 16; Horse Rugs: 2; HORSE: Stock & Western: 4; Gloves: 9; (No Product Type): 1; HORSE: Girths: 1; Small Animal: 2; Dog Walking: 2; Horse Boots: 1; Clothing Accessories: 1; Clothing - Ladies Clothing: 8; Ladies Clothing: 2; Clothing - Kid's Clothing: 1; Boots: 2; Strapping: 2; Saddle Cloths: 4"
cavallo,"Shop Cavallo Products",67,,"Riding Boots; Halter; Saddle Pad; (No Product Type); Casual Jacket; Belt; long socks; Belts; Socks; Tall Boots; Cap; jumper; Riding Pants; Breeches; Bandages; Bandage Pads; Fly Bonnet; Exercise Boots; Ear Net; Horse Rug; Saddle Pads & Blankets; Fly Hood; Competition Jacket; t-shirt; Ladies Shirt; Shirt; Ladies Top","Riding Boots: 9; Halter: 1; Saddle Pad: 8; (No Product Type): 1; Casual Jacket: 1; Belt: 5; long socks: 5; Belts: 1; Socks: 2; Tall Boots: 4; Cap: 1; jumper: 2; Riding Pants: 1; Breeches: 3; Bandages: 2; Bandage Pads: 1; Fly Bonnet: 1; Exercise Boots: 2; Ear Net: 3; Horse Rug: 2; Saddle Pads & Blankets: 2; Fly Hood: 1; Competition Jacket: 2; t-shirt: 2; Ladies Shirt: 3; Shirt: 1; Ladies Top: 1"
jnk-collective,"JNK Collective",66,,"Ultimate Tights; Freedom Tights; Tights; Active Tights; Tank; Horseware; Shirts; Breeches; Elite Tights; Accessoriess; Cap; Outerwear; Leggings; shirts; accessoriess; Active tights","Ultimate Tights: 2; Freedom Tights: 6; Tights: 11; Active Tights: 4; Tank: 4; Horseware: 4; Shirts: 13; Breeches: 5; Elite Tights: 2; Accessoriess: 5; Cap: 1; Outerwear: 3; Leggings: 2; shirts: 2; accessoriess: 1; Active tights: 1"
bare-equestrian,"Shop BARE Equestrian Apparel & Gear",61,,"Clothing - Kid's Clothing; Clothing - Ladies Clothing; Clothing; (No Product Type); Clothing - Clothing Accessories; Ladies Clothing","Clothing - Kid's Clothing: 2; Clothing - Ladies Clothing: 21; Clothing: 26; (No Product Type): 4; Clothing - Clothing Accessories: 6; Ladies Clothing: 2"
saddles,"Saddles For All Disciplines",57,,"Saddles; SADDLES: Dressage Saddles; SADDLES: All Purpose Saddles; SADDLES: Jumping Saddles; SADDLES: Saddle Accessories & Gullets; Saddles - Saddle Accessories; saddles; Grooming","Saddles: 22; SADDLES: Dressage Saddles: 8; SADDLES: All Purpose Saddles: 8; SADDLES: Jumping Saddles: 4; SADDLES: Saddle Accessories & Gullets: 4; Saddles - Saddle Accessories: 4; saddles: 6; Grooming: 1"
qj-riding-wear,"QJ Riding Wear",56,,"belts; cap; top; Shirt; Breeches; shirt; breeches; shirts; beanies; (No Product Type); riding tights; stock; Sweater; socks; Top; jacket; Gift Card","belts: 2; cap: 2; top: 1; Shirt: 2; Breeches: 23; shirt: 4; breeches: 5; shirts: 2; beanies: 1; (No Product Type): 2; riding tights: 1; stock: 2; Sweater: 2; socks: 1; Top: 1; jacket: 4; Gift Card: 1"
horse-toys,"Shop Kids Horse Toys",54,,"RIDER: Giftware; The Trail of Painted Ponies","RIDER: Giftware: 44; The Trail of Painted Ponies: 10"
hitchley-harrow,"Hitchley & Harrow",54,,"Handbag; Pendants; Belt; (No Product Type); Resin; Bangles; Pearl Necklace; Log Book Cover; Rings","Handbag: 2; Pendants: 4; Belt: 20; (No Product Type): 11; Resin: 2; Bangles: 5; Pearl Necklace: 5; Log Book Cover: 2; Rings: 3"
thinline-global-australia,"Shop Thinline Global Australia",50,,"(No Product Type); Saddle Pad; Strapping - Reins; Saddle Cloths; Strapping - Halters; Horse Boots; Western Pads; Saddles - Saddle Accessories; Stirrup Irons - Stirrup Accessories; Strapping - Girths; Strapping - Bridles - Bridle Accessories","(No Product Type): 25; Saddle Pad: 2; Strapping - Reins: 1; Saddle Cloths: 4; Strapping - Halters: 3; Horse Boots: 2; Western Pads: 9; Saddles - Saddle Accessories: 1; Stirrup Irons - Stirrup Accessories: 1; Strapping - Girths: 1; Strapping - Bridles - Bridle Accessories: 1"
hairy-pony,"Shop Hairy Pony Grooming Products",48,,"STABLE: Grooming; STABLE: Show Preparation; grooming; plaiting kit; brush; Horse Grooming","STABLE: Grooming: 24; STABLE: Show Preparation: 16; grooming: 4; plaiting kit: 1; brush: 2; Horse Grooming: 1"
luggage,"Luggage For The Horse Rider",45,,"Accessories - Luggage; RIDER: Luggage; Luggage; Boots - Boot Accessories; HORSE: Stock & Western; Dog Walking; STABLE: Leather Care & Proofing","Accessories - Luggage: 1; RIDER: Luggage: 34; Luggage: 5; Boots - Boot Accessories: 1; HORSE: Stock & Western: 2; Dog Walking: 1; STABLE: Leather Care & Proofing: 1"
farrier-tools,"Shop Farrier Tools",42,,"STABLE: Farrier; STABLE: Supplements; Hoof Care","STABLE: Farrier: 40; STABLE: Supplements: 1; Hoof Care: 1"
plum-tack,"Plum Tack - Quality Australia Riding Apparel & Clothing",42,,"Jodhpurs; Riding Tights; Breeches; Riding Pants; Riding Apparel & Accessories; Tops","Jodhpurs: 17; Riding Tights: 1; Breeches: 10; Riding Pants: 7; Riding Apparel & Accessories: 1; Tops: 6"
stable-and-yard,"Stable & Arena Gear",41,,"(No Product Type); STABLE: Feed Bins & Hay Bags; Leather Care; STABLE: Horse Treats & Toys; Small Animal","(No Product Type): 5; STABLE: Feed Bins & Hay Bags: 21; Leather Care: 12; STABLE: Horse Treats & Toys: 2; Small Animal: 1"
the-equestrian,"The Equestrian",36,,"Horse Grooming; Accessories; Saddle Pad; (No Product Type); Shampoo; Dog Grooming & Coat Care; Jewellery; saddle pad; HORSE: Saddlecloths; Horse Boots; Bridles; Saddlepad; Wither relief saddlepad","Horse Grooming: 1; Accessories: 1; Saddle Pad: 5; (No Product Type): 11; Shampoo: 1; Dog Grooming & Coat Care: 1; Jewellery: 1; saddle pad: 4; HORSE: Saddlecloths: 1; Horse Boots: 4; Bridles: 1; Saddlepad: 4; Wither relief saddlepad: 1"
animo,"Shop Animo Equestrian Gear",35,,"Breeches; Socks; Cap; Mens Competition Jacket; Trousers; jacket; Competition Jacket; Mens Breeches; Belts; t-shirt; Show Shirt; Boys Show Shirt; Ladies Breeches; Girls Breeches; Casual Jacket","Breeches: 13; Socks: 4; Cap: 1; Mens Competition Jacket: 1; Trousers: 1; jacket: 1; Competition Jacket: 2; Mens Breeches: 1; Belts: 2; t-shirt: 1; Show Shirt: 1; Boys Show Shirt: 1; Ladies Breeches: 2; Girls Breeches: 1; Casual Jacket: 3"
dyon,"Shop Dy'On European Classic Equestrian Gear",34,,"Bridles; breastplate; Reins; Wrap Bag; Rug Rack; Stable Accessories; Socks; Horse Rug; Belts; Half Chaps","Bridles: 11; breastplate: 5; Reins: 10; Wrap Bag: 1; Rug Rack: 1; Stable Accessories: 1; Socks: 1; Horse Rug: 1; Belts: 2; Half Chaps: 1"
elt,"ELT  Equestrian",28,,"Apparel - Ladies; Gloves; Horse Boots & Bandages; Breeches & Riding Tights; Footwear & Chaps; Clothing - Ladies Clothing; Clothing; Boots","Apparel - Ladies: 10; Gloves: 2; Horse Boots & Bandages: 1; Breeches & Riding Tights: 10; Footwear & Chaps: 2; Clothing - Ladies Clothing: 1; Clothing: 1; Boots: 1"
ps-of-sweden,"PS Of Sweden",27,,"(No Product Type); Horse Boots","(No Product Type): 22; Horse Boots: 5"
fly-veils-and-hoods,"Mask & Fly Veils For Horses & Ponies",26,,"Fly Control; (No Product Type); fly bonnet; Fly Mask; Ear Net; Fly Bonnet; Fly Hood; Bridle Accessories; Strapping - Bridles - Bridle Accessories","Fly Control: 7; (No Product Type): 8; fly bonnet: 1; Fly Mask: 1; Ear Net: 4; Fly Bonnet: 1; Fly Hood: 1; Bridle Accessories: 1; Strapping - Bridles - Bridle Accessories: 2"
base-layers,"Shop Horse Riding Base Layers",25,,"Clothing - Ladies Clothing; top; Clothing - Kid's Clothing; (No Product Type); Womens; shirts; shirt; Equestrian; RUGS: Summer Rugs, Neck Rugs & Hoods; CLOTHING: Casual Clothing Childs; CLOTHING CLEARANCE; Ladies Shirt; Merchandise; long sleeve; Clothing","Clothing - Ladies Clothing: 9; top: 1; Clothing - Kid's Clothing: 1; (No Product Type): 2; Womens: 1; shirts: 2; shirt: 1; Equestrian: 1; RUGS: Summer Rugs, Neck Rugs & Hoods: 1; CLOTHING: Casual Clothing Childs: 1; CLOTHING CLEARANCE: 1; Ladies Shirt: 1; Merchandise: 1; long sleeve: 1; Clothing: 1"
ego-7,"Ego 7",24,,"Boots; Clothing - Ladies Clothing; Clothing - Clothing Accessories; Clothing","Boots: 9; Clothing - Ladies Clothing: 13; Clothing - Clothing Accessories: 1; Clothing: 1"
visentin-equestrian,"Visentin Equestrian",23,,"HORSE: Number Holders; (No Product Type)","HORSE: Number Holders: 11; (No Product Type): 12"
cavalor-equicare,"Cavalor Equicare",21,,"Horse Supplements; Care; Supplements; Merchandise","Horse Supplements: 1; Care: 7; Supplements: 11; Merchandise: 2"
acavallo,"Shop Acavallo Horse Riding Essentials",21,,"HORSE: Wither & Back Pads; Saddle Pad; saddle pads; Saddle Cloths; Gel & Comfort Pads; HORSE: Bridles; HORSE: Stirrup Irons; Saddles","HORSE: Wither & Back Pads: 9; Saddle Pad: 2; saddle pads: 1; Saddle Cloths: 2; Gel & Comfort Pads: 3; HORSE: Bridles: 1; HORSE: Stirrup Irons: 1; Saddles: 2"
gifts,"Horse & Equine Gifts",21,,"Keyring; Toys; Clothing; Clothing - Clothing Accessories; Clothing Accessories; Pet; Accessories; Wallets & Handbags","Keyring: 4; Toys: 2; Clothing: 2; Clothing - Clothing Accessories: 4; Clothing Accessories: 2; Pet: 1; Accessories: 3; Wallets & Handbags: 3"
anna-scarpati,"Shop Anna Scarpati",20,,"Saddle Pad; Ear Net; t-shirt; T-Shirt; RIDER: Giftware; Breeches; Girls Breeches; Show Shirt","Saddle Pad: 8; Ear Net: 4; t-shirt: 1; T-Shirt: 1; RIDER: Giftware: 1; Breeches: 2; Girls Breeches: 1; Show Shirt: 2"
eac-animal-care,"EAC Animal Care",17,,"Horse Supplements; Pet Supplements; Donation; (No Product Type); Cover Donation Fee; Animal Husbandry","Horse Supplements: 7; Pet Supplements: 3; Donation: 3; (No Product Type): 2; Cover Donation Fee: 1; Animal Husbandry: 1"
horse-books,"Books - Fiction & Non Fiction",15,,"Books & Magazines; RIDER: Giftware; Books; Log Book Cover; Book; DIY Kit; Bookmarks","Books & Magazines: 4; RIDER: Giftware: 5; Books: 1; Log Book Cover: 2; Book: 1; DIY Kit: 1; Bookmarks: 1"
wintec,"Shop Wintec - Saddles & Equestrian Gear",15,,"Saddle Gullet; Synthetic Stirrup Straps; All Purpose; Stock & Western; Stock Stirrup Straps; Leather; Dressage Saddle","Saddle Gullet: 1; Synthetic Stirrup Straps: 2; All Purpose: 4; Stock & Western: 5; Stock Stirrup Straps: 1; Leather: 1; Dressage Saddle: 1"
diamond-deluxe-horsewear,"Diamond Deluxe Horsewear",13,,"Rug; Hood; Tailbag; Sale","Rug: 4; Hood: 4; Tailbag: 3; Sale: 2"
sterling-essentials,"Sterling Essentials",13,,"Leather Care","Leather Care: 13"
horse-queened,"HORSE QUEENED",13,,"Health Care; Horse Grooming; STABLE: Hoof Care","Health Care: 8; Horse Grooming: 3; STABLE: Hoof Care: 2"
prestige,"Shop Prestige Saddles, Bridles & Equestrian Gear",10,,"Bridle; Girth; Dressage Saddle; Leather Stirrup Straps; Strapping - Girths; Stirrup Irons; saddles","Bridle: 1; Girth: 2; Dressage Saddle: 1; Leather Stirrup Straps: 1; Strapping - Girths: 1; Stirrup Irons: 1; saddles: 3"
freejump,"Shop FreeJump Stirrups & FreejumpSystem Range",9,,"Stirrup Irons; Spurs & Straps","Stirrup Irons: 7; Spurs & Straps: 2"
peter-williams,"Peter Williams Riding Apparel - Breeches, Jodphurs, Earlwwodd & More",9,,"CLOTHING: Jodhpurs & Breeches Ladies; CLOTHING: Jodhpurs & Breeches Mens; CLOTHING: Jodhpurs & Breeches Childs","CLOTHING: Jodhpurs & Breeches Ladies: 6; CLOTHING: Jodhpurs & Breeches Mens: 1; CLOTHING: Jodhpurs & Breeches Childs: 2"
noble-outfitters,"Shop Noble Outfitters - Quality Equestrian Apparel & Accessories",8,,"Breeches & Riding Tights","Breeches & Riding Tights: 8"
vibrant-equestrian,"Vibrant Equestrian",7,,"helmet; Dog Rugs & Fashion; fly bonnet; half pad; lead rope; halter","helmet: 2; Dog Rugs & Fashion: 1; fly bonnet: 1; half pad: 1; lead rope: 1; halter: 1"
the-barbie-collection,"The Barbie Collection",7,,"RIDER: Helmets; STABLE: Grooming; HORSE: Horse Boots; HORSE: Headstalls","RIDER: Helmets: 1; STABLE: Grooming: 4; HORSE: Horse Boots: 1; HORSE: Headstalls: 1"
paddock-blade,"Shop Paddock Blade",7,,"Paddock Blades","Paddock Blades: 7"
body-protectors,"Horse Riding Safety Vests",5,,"RIDER: Body Protectors","RIDER: Body Protectors: 5"
horseware-australia,"Horseware Australia",5,,"(No Product Type)","(No Product Type): 5"
jp-equestrian-fashion,"JP Equestrian Fashion",5,,"Breeches; Socks; Shirt; Gloves","Breeches: 1; Socks: 1; Shirt: 2; Gloves: 1"
anky,"Shop ANKY",5,,"Horse Boots & Leg Wraps; Apparel & Accessories; Polo Shirt; long sleeve; Fetlock boots","Horse Boots & Leg Wraps: 1; Apparel & Accessories: 1; Polo Shirt: 1; long sleeve: 1; Fetlock boots: 1"
premier-equine,"Premier Equine",4,,"(No Product Type)","(No Product Type): 4"
ponyjet,"Ponyjet",4,,"Horse Grooming; Accessories; Shampoo; Dog Grooming & Coat Care","Horse Grooming: 1; Accessories: 1; Shampoo: 1; Dog Grooming & Coat Care: 1"
helmet-brims,"Helmet Brims",3,,"Helmet Brim; Bicycle Helmet Brim Visor; Girth Loop Adjustable","Helmet Brim: 1; Bicycle Helmet Brim Visor: 1; Girth Loop Adjustable: 1"
lemieux,"Shop Lemieux Horse Gear & Apparel",2,,"Wither relief saddlepad; saddle pad","Wither relief saddlepad: 1; saddle pad: 1"
penelope-leprovost,"Shop Penelope Leprovost Equestrian Gear & Apparel",2,,"Breeches; Saddle Pads & Blankets","Breeches: 1; Saddle Pads & Blankets: 1"
precision-microbes,"Precision Microbes",2,,"Horse Supplements; Animals & Pet Supplies","Horse Supplements: 1; Animals & Pet Supplies: 1"
can-animal-care,"CAN Animal Care",1,,"probiotics","probiotics: 1"
westerns-saddles-usa,"Buy Western Saddles",1,,"SADDLES: Stock & Western Saddles","SADDLES: Stock & Western Saddles: 1"
run-away-equestrian-co,"Runaway Equestrian Co.",1,,"Breeches","Breeches: 1"
horse-riding-accessories,"Horse Accessories",0,,"",""
feed,"Shop Feed - Horses, Dogs, Pigs, Chickens & More",0,,"",""
clippers,"Shop Horse Clippers",0,,"",""
southern-sport-horses,"Southern Sport Horses",0,,"",""
bucas-australia,"Bucas Australia",0,,"",""
equiline,"Shop Equiline Equestrian Gear",0,,"",""
southern-sport-horses-1,"Southern Sport Horses",0,,"",""
emcee-apparel,"Shop & Buy Emcee Apparel",0,,"",""
aza-equestrian,"AZA Equestrian",0,,"",""
black-friday-deals-for-equestrians,"BLACK FRIDAY DEALS 2022",0,,"",""
hygieia-san,"Shop Hygieia-San",0,,"",""
multidomain-chek,"Multidomain Chek",0,,"",""
mochara,"Shop Mochara Equestrian Apparel",0,,"",""
toklat,"Shop Toklat Equestrian Gear & Products",0,,"",""
martin-saddlery,"Shop Martin Saddlery",0,,"",""
weaver-leather,"Shop Weaver Leather - Quality Leather Products, Care & Tools",0,,"",""
leather-brothers,"Shop Leather Brothers - Collars, Leather Goods & More",0,,"",""
test-imports,"Test Imports",0,,"",""
exclusively-equine,"Exclusively Equine",0,,"",""
homeware,"Shop Homeware - Equine Themed",0,,"",""